cgpa,attendance,aptitude_score,coding_score,communication_score,technical_score,placed
9.1,92,88,91,89,93,1
8.7,89,82,86,85,88,1
8.3,85,78,81,80,84,1
7.9,82,75,77,76,80,1
7.5,78,72,74,73,76,1
7.2,75,68,70,71,73,1
6.8,72,65,68,67,70,1
6.5,70,62,65,64,67,0
6.2,68,58,61,60,63,0
5.9,65,55,58,57,60,0
5.5,60,50,52,54,55,0
5.2,58,48,50,49,52,0
8.9,91,85,89,88,91,1
8.5,87,80,84,83,86,1
8.1,84,77,80,79,82,1
7.8,81,74,78,77,79,1
7.4,79,70,73,72,75,1
7.0,76,66,71,69,72,1
6.7,73,64,67,65,69,0
6.3,69,60,63,61,65,0
6.0,66,56,59,58,61,0
5.7,63,53,56,55,58,0
5.4,61,49,53,51,55,0
5.0,57,45,49,48,51,0
9.3,95,92,94,91,95,1
8.8,90,87,88,86,90,1
8.4,86,81,85,82,87,1
8.0,83,76,82,78,83,1
7.6,80,73,76,74,78,1
7.1,77,69,72,70,74,1
6.9,74,67,69,68,71,1
6.6,71,63,66,64,68,0
6.1,67,57,60,59,62,0
5.8,64,54,57,56,59,0
5.3,59,47,51,50,54,0
4.9,55,43,47,45,49,0
9.0,93,89,90,88,92,1
8.6,88,83,87,84,89,1
8.2,85,79,83,80,85,1
7.7,82,73,79,75,81,1
7.3,78,71,75,72,77,1
6.8,74,65,70,67,72,1
6.4,70,61,66,63,68,0
6.0,67,55,61,58,64,0
5.6,62,51,55,53,57,0
5.1,59,46,50,48,52,0
4.8,54,42,46,44,48,0
9.2,94,90,93,92,94,1
8.9,91,86,89,87,91,1
8.5,88,81,86,84,87,1
8.1,84,78,82,79,84,1
7.8,81,75,79,76,80,1
7.4,79,70,74,73,77,1
7.0,75,66,71,68,73,1
6.6,72,62,67,65,69,0
6.2,68,59,62,60,64,0
5.8,64,52,57,55,59,0
5.4,60,48,53,51,55,0
5.0,56,44,48,46,50,0
9.4,96,94,95,93,96,1
9.0,92,89,91,90,93,1
8.6,89,84,87,85,89,1
8.2,85,80,83,81,85,1
7.9,82,76,79,77,81,1
7.5,79,72,75,73,77,1
7.1,76,68,72,69,74,1
6.7,72,64,68,65,70,0
6.3,69,58,63,60,65,0
5.9,65,54,58,56,61,0
5.5,61,50,54,52,56,0
5.1,57,46,49,48,52,0
8.8,90,84,88,86,90,1
8.4,86,79,84,81,86,1
8.0,83,75,80,77,82,1
7.6,80,71,77,74,79,1
7.2,77,68,73,70,75,1
6.8,73,63,68,66,70,1
6.4,70,60,64,62,67,0
6.0,66,56,60,58,63,0
5.6,63,51,55,53,58,0
5.2,59,47,51,49,54,0
4.7,53,41,45,43,47,0
9.1,93,87,92,90,94,1
8.7,89,83,87,85,89,1
8.3,86,78,84,81,86,1
7.9,83,74,80,77,82,1
7.5,80,71,76,74,78,1
7.0,76,67,71,69,73,1
6.6,72,61,67,64,69,0
6.2,68,57,62,59,64,0
5.7,64,52,56,54,59,0
5.3,60,48,52,50,55,0
4.9,56,44,48,46,51,0